-- ============================================================
-- Dev Ticket — Seed Data
-- Run AFTER schema.sql and AFTER creating the 5 auth users.
-- ============================================================

-- ── Step 1: Update profiles created by the trigger ───────────
-- (Run after creating users in Authentication → Users dashboard)
update profiles set name='システム管理者', role='admin',            group_name='マネジメント'   where email='admin@example.com';
update profiles set name='田中太郎',       role='developer',        group_name='開発第1チーム'  where email='tanaka@company.com';
update profiles set name='佐藤花子',       role='designer',         group_name='デザインチーム' where email='sato@company.com';
update profiles set name='鈴木一郎',       role='project-manager',  group_name='マネジメント'   where email='suzuki@company.com';
update profiles set name='山田次郎',       role='developer',        group_name='開発第1チーム'  where email='yamada@company.com';

-- ── Step 2: Clients ───────────────────────────────────────────
insert into clients (id, name, industry, email, phone, status) values
  ('C-001', '株式会社サンプル商事', '小売業',   'contact@sample-corp.jp', '03-1234-5678', 'active'),
  ('C-002', 'テクノロジー株式会社', 'IT・通信', 'info@technology.co.jp',  '03-9876-5432', 'active'),
  ('C-003', 'グローバル産業',       '製造業',   'global@industry.com',    '03-5555-1111', 'inactive')
on conflict (id) do nothing;

-- ── Step 3: Projects ──────────────────────────────────────────
insert into projects (id, name, client, status, start_date, end_date, members, done, in_progress, todo, description) values
  ('P-001','ECサイトリニューアル',    '株式会社サンプル商事', 'in-progress', '2026-01-15','2026-06-30', '{"田中太郎","佐藤花子","山田次郎"}', 24, 8, 12, '既存ECサイトのUI/UX全面刷新。パフォーマンス改善とモバイル対応を含む大規模プロジェクト。'),
  ('P-002','モバイルアプリ開発',      'テクノロジー株式会社', 'planning',    '2026-03-01','2026-09-30', '{"田中太郎","山田次郎"}',           5,  3, 22, 'iOS/Android向けのネイティブアプリ開発。React Nativeを使用した最新実装。'),
  ('P-003','データ分析基盤構築',      'グローバル産業',       'completed',   '2025-10-01','2026-02-28', '{"鈴木一郎","田中太郎"}',            31, 0, 0,  'BIツールの導入とデータウェアハウスの構築。BigQuery連携を含む分析基盤。'),
  ('P-004','社内ポータルサイト',      '株式会社サンプル商事', 'on-hold',     '2026-02-01','2026-07-31', '{"佐藤花子","鈴木一郎"}',            12, 2, 14, '社内情報共有のためのイントラネットポータル。SSO対応と多言語対応を実装予定。')
on conflict (id) do nothing;

-- ── Step 4: Sprints ───────────────────────────────────────────
insert into sprints (id, project_id, name, goal, status, start_date, end_date) values
  ('S-001','P-001','Sprint 1: 要件定義・設計',  '要件定義の完了と基本設計書の作成',          'completed','2026-01-15','2026-02-14'),
  ('S-002','P-001','Sprint 2: バックエンド開発', '認証・商品・注文APIの実装完了',             'completed','2026-02-15','2026-03-31'),
  ('S-003','P-001','Sprint 3: フロントエンド開発','全ページのUI実装とAPI連携',                'active',   '2026-04-01','2026-05-31'),
  ('S-004','P-001','Sprint 4: テスト・リリース',  '本番リリースの準備と品質保証',             'planning', '2026-06-01','2026-06-30'),
  ('S-005','P-002','Sprint 1: 設計・プロトタイプ','アーキテクチャ設計とプロトタイプ完成',     'active',   '2026-03-01','2026-04-15'),
  ('S-006','P-002','Sprint 2: コア機能開発',     'メイン機能の実装',                          'planning', '2026-04-16','2026-09-30'),
  ('S-007','P-003','Sprint 1: 基盤構築',         'データウェアハウスの基盤セットアップ',       'completed','2025-10-01','2025-11-15'),
  ('S-008','P-003','Sprint 2: BIツール連携',     'Looker Studioとの連携完成',                 'completed','2025-11-16','2026-02-28'),
  ('S-009','P-004','Sprint 1: 要件整理',         'ステークホルダーへのヒアリングと要件定義',  'completed','2026-02-01','2026-02-28'),
  ('S-010','P-004','Sprint 2: 保留中作業',       '承認待ちタスクの処理',                      'planning', '2026-03-01','2026-07-31')
on conflict (id) do nothing;

-- ── Step 5: Sprint Tickets ────────────────────────────────────
insert into sprint_tickets (id, sprint_id, wbs, title, status, priority, assignee, start_date, due_date, estimated_hours, progress) values
  -- S-001
  ('T-101','S-001','1.1','要件定義書作成',             'done','high',  '鈴木一郎','2026-01-15','2026-01-25',16,100),
  ('T-102','S-001','1.2','UI/UXワイヤーフレーム設計',  'done','high',  '佐藤花子','2026-01-20','2026-02-05',24,100),
  ('T-103','S-001','1.3','DB設計・ER図作成',           'done','medium','田中太郎','2026-01-22','2026-02-10',20,100),
  ('T-104','S-001','1.4','API設計ドキュメント作成',    'done','medium','山田次郎','2026-01-28','2026-02-14',12,100),
  -- S-002
  ('T-201','S-002','2.1','ユーザー認証API実装',        'done','high',  '田中太郎','2026-02-15','2026-02-28',32,100),
  ('T-202','S-002','2.2','商品一覧・検索API実装',      'done','high',  '田中太郎','2026-02-20','2026-03-10',40,100),
  ('T-203','S-002','2.3','カート・注文API実装',        'done','high',  '山田次郎','2026-03-01','2026-03-20',48,100),
  ('T-204','S-002','2.4','DBマイグレーションスクリプト','done','low',  '山田次郎','2026-03-15','2026-03-31', 8,100),
  -- S-003
  ('T-301','S-003','3.1','トップページのバナー実装',          'in-progress','high',  '佐藤花子','2026-04-01','2026-05-30',16,60),
  ('T-302','S-003','3.2','商品一覧APIのクエリ最適化',        'todo',       'medium','田中太郎','2026-04-15','2026-05-31',20, 0),
  ('T-303','S-003','3.3','商品詳細ページ実装',               'in-progress','high',  '佐藤花子','2026-04-10','2026-05-15',24,45),
  ('T-304','S-003','3.4','カートページ実装',                 'todo',       'medium','山田次郎','2026-04-20','2026-05-20',20, 0),
  ('T-305','S-003','3.5','チェックアウトフロー実装',         'todo',       'high',  '山田次郎','2026-04-25','2026-05-31',32, 0),
  ('T-306','S-003','3.6','決済システム連携（Stripe）',       'todo',       'high',  '田中太郎','2026-05-01','2026-05-31',40, 0),
  ('T-307','S-003','3.7','注文確認メール自動送信',           'in-progress','medium','佐藤花子','2026-04-15','2026-05-10',12,30),
  ('T-308','S-003','3.8','レスポンシブ対応・クロスブラウザQA','todo',      'medium','佐藤花子','2026-05-10','2026-05-31',16, 0),
  -- S-004
  ('T-401','S-004','4.1','E2Eテスト作成・実行',      'todo','high',  '田中太郎','2026-06-01','2026-06-15',32,0),
  ('T-402','S-004','4.2','パフォーマンステスト',      'todo','medium','山田次郎','2026-06-10','2026-06-20',16,0),
  ('T-403','S-004','4.3','本番環境構築・デプロイ',    'todo','high',  '田中太郎','2026-06-18','2026-06-28',24,0),
  -- S-005
  ('T-501','S-005','1.1','アーキテクチャ設計書作成',        'done',       'high',  '鈴木一郎','2026-03-01','2026-03-15',16,100),
  ('T-502','S-005','1.2','UI設計・モックアップ作成',        'in-progress','medium','佐藤花子','2026-03-10','2026-04-05',32, 70),
  ('T-503','S-005','1.3','ユーザー認証フローの設計',        'in-progress','high',  '田中太郎','2026-03-15','2026-04-15',24, 40),
  ('T-504','S-005','1.4','プロトタイプ実装（主要画面）',    'todo',       'high',  '山田次郎','2026-03-20','2026-04-15',40,  0),
  ('T-505','S-005','1.5','ユーザビリティテスト実施',        'todo',       'medium','鈴木一郎','2026-04-01','2026-04-15',16,  0),
  -- S-006
  ('T-601','S-006','2.1','CI/CDパイプライン構築',  'todo','medium','山田次郎','2026-04-16','2026-06-15',20,0),
  ('T-602','S-006','2.2','プッシュ通知実装',       'todo','high',  '田中太郎','2026-04-20','2026-05-31',40,0),
  ('T-603','S-006','2.3','オフラインモード対応',   'todo','low',   '山田次郎','2026-05-01','2026-06-15',32,0),
  -- S-007
  ('T-701','S-007','1.1','BigQuery環境構築',       'done','high',  '鈴木一郎','2025-10-01','2025-10-20',24,100),
  ('T-702','S-007','1.2','データパイプライン設計', 'done','high',  '田中太郎','2025-10-10','2025-11-05',32,100),
  ('T-703','S-007','1.3','ETL処理の実装',          'done','medium','田中太郎','2025-10-20','2025-11-15',40,100),
  -- S-008
  ('T-801','S-008','2.1','Looker Studio接続設定',  'done','high',  '鈴木一郎','2025-11-16','2025-12-10',16,100),
  ('T-802','S-008','2.2','ダッシュボード設計・作成','done','medium','佐藤花子','2025-12-01','2026-01-10',48,100),
  ('T-803','S-008','2.3','データ品質テスト',        'done','medium','田中太郎','2025-12-15','2026-02-28',24,100),
  -- S-009
  ('T-901','S-009','1.1','ヒアリングシート作成', 'done','medium','鈴木一郎','2026-02-01','2026-02-10', 8,100),
  ('T-902','S-009','1.2','要件定義書作成',       'done','high',  '佐藤花子','2026-02-10','2026-02-28',20,100),
  -- S-010
  ('T-A01','S-010','2.1','レスポンシブデザイン対応',     'in-progress','medium','佐藤花子','2026-03-01','2026-06-01',32,25),
  ('T-A02','S-010','2.2','SSO認証連携',                 'todo',       'high',  '鈴木一郎','2026-04-01','2026-05-31',40, 0),
  ('T-A03','S-010','2.3','多言語対応（日本語・英語）',  'todo',       'medium','山田次郎','2026-05-01','2026-07-15',24, 0),
  ('T-A04','S-010','2.4','パフォーマンス最適化',        'todo',       'low',   '田中太郎','2026-06-01','2026-07-31',20, 0)
on conflict (id) do nothing;
